{"position":{"x":-1.9956593669801257,"y":-0.501478375292198,"z":0.00899831001340461},"orientation":{"x":-0.0000095836902606849,"y":0.003853096962122729,"z":0.000654648361799802,"w":0.9999923624645719}}