{"position":{"x":-4.618803755951749,"y":3.218479230375093,"z":0},"orientation":{"x":0,"y":0,"z":0.9990218397581679,"w":-0.04421949441372448}}