{"position":{"x":2.560683530518126,"y":4.583084794419322,"z":0},"orientation":{"x":0,"y":0,"z":0.9976302424395805,"w":-0.06880333836336579}}