{"position":{"x":5.829059230262385,"y":1.17157088430875,"z":0},"orientation":{"x":0,"y":0,"z":0.7071067811865475,"w":-0.7071067811865477}}